#machines
SET @@auto_increment_increment=1;
SET @@auto_increment_offset=1;
INSERT INTO machines (id,name, serial, type, inst_date, shelves, slots_per_shelf) VALUES (1,'Rondo', '123456', 'spiralki', '2020-01-01', 6, 8);
INSERT INTO machines (id,name, serial, type, inst_date, shelves, slots_per_shelf) VALUES (2,'Eva', '987654', 'drinks', '2019-01-01',1,10);
#users
SET @@auto_increment_increment=1;
SET @@auto_increment_offset=1;
INSERT INTO users (user_id,email, name, password, active) VALUES (1,'tom@gmail.com','Tom', '$2a$10$BG4Khz7k/8pS0JyU4WI0CeiDDGeXREmffzAA9xwU91o5Clu9QKNPe', TRUE);
INSERT INTO users (user_id,email, name, password, active) VALUES (2,'tom1@gmail.com','Adam', '$2a$10$BG4Khz7k/8pS0JyU4WI0CeiDDGeXREmffzAA9xwU91o5Clu9QKNPe', TRUE);
INSERT INTO users (user_id,email, name, password, active) VALUES (3,'tom2@gmail.com','Guest', '$2a$10$BG4Khz7k/8pS0JyU4WI0CeiDDGeXREmffzAA9xwU91o5Clu9QKNPe', TRUE);
INSERT INTO users (user_id,email, name, password, active) VALUES (4,'tom3@gmail.com','Józek', '$2a$10$BG4Khz7k/8pS0JyU4WI0CeiDDGeXREmffzAA9xwU91o5Clu9QKNPe', FALSE);
INSERT INTO users (user_id,email, name, password, active) VALUES (5,'admin@admin.com','Admin', '$2a$10$fZN1YKQJNwiGHsAQyiWRfOLlJV8zSr2iKh6u52PKVVyMc7siG.QSG', TRUE);
#possible roles
SET @@auto_increment_increment=1;
SET @@auto_increment_offset=1;
INSERT INTO `roles` (role_id,`name`) VALUES (1,'ADMIN');
INSERT INTO `roles` (role_id,`name`) VALUES (2,'USER');
INSERT INTO `roles` (role_id,`name`) VALUES (3,'READER');
#roles for demo only
SET @@auto_increment_increment=1;
SET @@auto_increment_offset=1;
INSERT INTO users_roles (user_id, role_id) VALUES (1, 1);
INSERT INTO users_roles (user_id, role_id) VALUES (2, 2);
INSERT INTO users_roles (user_id, role_id) VALUES (2, 3);
INSERT INTO users_roles (user_id, role_id) VALUES (3, 2);
INSERT INTO users_roles (user_id, role_id) VALUES (4, 3);
INSERT INTO users_roles (user_id, role_id) VALUES (5, 1);
#possible package shape
SET @@auto_increment_increment=1;
SET @@auto_increment_offset=1;
INSERT INTO pack_shape (id,name) VALUES (1,'can');
INSERT INTO pack_shape (id,name) VALUES (2,'bottle');
INSERT INTO pack_shape (id,name) VALUES (3,'pouch');
INSERT INTO pack_shape (id,name) VALUES (4,'box');
INSERT INTO pack_shape (id,name) VALUES (5,'bar');
INSERT INTO pack_shape (id,name) VALUES (6,'cup');
INSERT INTO pack_shape (id,name) VALUES (7,'---empty---');
#available products
SET @@auto_increment_increment=1;
SET @@auto_increment_offset=1;
INSERT INTO products (id,name, packshape_id, for_spiral_size,price) VALUES (1,'---Empty---', 7,6,0.1);
INSERT INTO products (id,name, packshape_id, for_spiral_size,price) VALUES (2,'Paluszki', 3,10,2);
INSERT INTO products (id,name, packshape_id, for_spiral_size,price) VALUES (3,'Krakersy', 3,10,2.5);
INSERT INTO products (id,name, packshape_id, for_spiral_size,price) VALUES (4,'Chipsy', 3,10,3);
INSERT INTO products (id,name, packshape_id, for_spiral_size,price) VALUES (5,'7Days', 3,10,3);
INSERT INTO products (id,name, packshape_id, for_spiral_size,price) VALUES (6,'Nestle', 5,15,1.5);
INSERT INTO products (id,name, packshape_id, for_spiral_size,price) VALUES (7,'Lion', 5,15,2);
INSERT INTO products (id,name, packshape_id, for_spiral_size,price) VALUES (8,'3Bit', 5,15,2);
INSERT INTO products (id,name, packshape_id, for_spiral_size,price) VALUES (9,'Dropsy', 5,15,2.5);
INSERT INTO products (id,name, packshape_id, for_spiral_size,price) VALUES (10,'Góralki', 5,15,2);
INSERT INTO products (id,name, packshape_id, for_spiral_size,price) VALUES (11,'Frugo zielone', 2,5,2);
INSERT INTO products (id,name, packshape_id, for_spiral_size,price) VALUES (12,'Frugo pomarańczowe', 2,5,2);
INSERT INTO products (id,name, packshape_id, for_spiral_size,price) VALUES (13,'Żelki', 3,8,2);
INSERT INTO products (id,name, packshape_id, for_spiral_size,price) VALUES (14,'Woda niegazowana', 2,5,2);
INSERT INTO products (id,name, packshape_id, for_spiral_size,price) VALUES (15,'Woda gazowana', 2,5,2);
INSERT INTO products (id,name, packshape_id, for_spiral_size,price) VALUES (16,'Aquarius napój', 2,5,2.5);
INSERT INTO products (id,name, packshape_id, for_spiral_size,price) VALUES (17,'Fuze tea', 2,5,4);
INSERT INTO products (id,name, packshape_id, for_spiral_size,price) VALUES (18,'Oshee', 2,5,4);
INSERT INTO products (id,name, packshape_id, for_spiral_size,price) VALUES (19,'Coca Cola', 2,5,4);
INSERT INTO products (id,name, packshape_id, for_spiral_size,price) VALUES (20,'Słonecznik solony łuskany', 3,8,2.5);
INSERT INTO products (id,name, packshape_id, for_spiral_size,price) VALUES (21,'Słonecznik paprykowy łuskany', 3,8,2.5);
INSERT INTO products (id,name, packshape_id, for_spiral_size,price) VALUES (22,'Oranżada czerwona', 2,5,2.5);
INSERT INTO products (id,name, packshape_id, for_spiral_size,price) VALUES (23,'Oranżada biała', 2,5,2.5);
INSERT INTO products (id,name, packshape_id, for_spiral_size,price) VALUES (24,'Tymbark cytrynowy', 2,5,3);
INSERT INTO products (id,name, packshape_id, for_spiral_size,price) VALUES (25,'Tymbark brzoskwiniowy', 2,5,3);
INSERT INTO products (id,name, packshape_id, for_spiral_size,price) VALUES (26,'Tymbark wiśniowy', 2,5,3);
INSERT INTO products (id,name, packshape_id, for_spiral_size,price) VALUES (27,'Tymbark malinowy', 2,5,3);
INSERT INTO products (id,name, packshape_id, for_spiral_size,price) VALUES (28,'Powerade', 2,5,3.5);
INSERT INTO products (id,name, packshape_id, for_spiral_size,price) VALUES (29,'Mus owocowy', 3,8,2.5);
INSERT INTO products (id,name, packshape_id, for_spiral_size,price) VALUES (30,'Woda dla dzieci', 2,8,2);
INSERT INTO products (id,name, packshape_id, for_spiral_size,price) VALUES (31,'Tymbark arbuz', 1,8,2.5);
INSERT INTO products (id,name, packshape_id, for_spiral_size,price) VALUES (32,'Tymbark pomarańcza', 1,8,2.5);
INSERT INTO products (id,name, packshape_id, for_spiral_size,price) VALUES (33,'Tymbark cytryna', 1,8,2.5);
INSERT INTO products (id,name, packshape_id, for_spiral_size,price) VALUES (34,'4Move', 1,8,3);
INSERT INTO products (id,name, packshape_id, for_spiral_size,price) VALUES (35,'Engine', 1,8,3);
INSERT INTO products (id,name, packshape_id, for_spiral_size,price) VALUES (36,'Black', 1,8,4);
INSERT INTO products (id,name, packshape_id, for_spiral_size,price) VALUES (37,'Red Bull', 1,8,5);
INSERT INTO products (id,name, packshape_id, for_spiral_size,price) VALUES (38,'Lipton cytryna', 1,8,2.8);
INSERT INTO products (id,name, packshape_id, for_spiral_size,price) VALUES (39,'Lipton brzoskwinia', 1,8,2.8);
INSERT INTO products (id,name, packshape_id, for_spiral_size,price) VALUES (40,'Lipton green tea', 1,8,2.8);
INSERT INTO products (id,name, packshape_id, for_spiral_size,price) VALUES (41,'Pepsi', 1,8,2.8);
INSERT INTO products (id,name, packshape_id, for_spiral_size,price) VALUES (42,'Sok owocowy', 4,8,1);
INSERT INTO products (id,name, packshape_id, for_spiral_size,price) VALUES (43,'Sok jabłkowy', 4,8,1);
INSERT INTO products (id,name, packshape_id, for_spiral_size,price) VALUES (44,'Pusty kubek', 6,1,1.8);
INSERT INTO products (id,name, packshape_id, for_spiral_size,price) VALUES (45,'Barszcz', 6,1,1.8);
INSERT INTO products (id,name, packshape_id, for_spiral_size,price) VALUES (46,'Herbata cytrynowa', 6,1,1.8);
INSERT INTO products (id,name, packshape_id, for_spiral_size,price) VALUES (47,'Herbata Earl Grey', 6,1,1.8);
INSERT INTO products (id,name, packshape_id, for_spiral_size,price) VALUES (48,'Mleko', 6,1,1.8);
INSERT INTO products (id,name, packshape_id, for_spiral_size,price) VALUES (49,'Espresso', 6,1,1.8);
INSERT INTO products (id,name, packshape_id, for_spiral_size,price) VALUES (50,'Kawa czarna', 6,1,1.8);
INSERT INTO products (id,name, packshape_id, for_spiral_size,price) VALUES (51,'Kawa czarna z mlekiem', 6,1,1.8);
INSERT INTO products (id,name, packshape_id, for_spiral_size,price) VALUES (52,'Czekolada', 6,1,1.8);
INSERT INTO products (id,name, packshape_id, for_spiral_size,price) VALUES (53,'Czekolada z mlekiem', 6,1,1.8);
INSERT INTO products (id,name, packshape_id, for_spiral_size,price) VALUES (54,'Kawa z czekoladą', 6,1,1.8);
INSERT INTO products (id,name, packshape_id, for_spiral_size,price) VALUES (55,'Kawa z czekoladą i mlekiem', 6,1,1.8);
#slot assignment
SET @@auto_increment_increment=1;
SET @@auto_increment_offset=1;
INSERT INTO slot_config (id,is_active,machine_id, slot_no, product_id, spiral_size) VALUES (1,false,1,10,1,1);
INSERT INTO slot_config (id,is_active,machine_id, slot_no, product_id, spiral_size) VALUES (2,true,1,11,2,10);
INSERT INTO slot_config (id,is_active,machine_id, slot_no, product_id, spiral_size) VALUES (3,false,1,12,1,1);
INSERT INTO slot_config (id,is_active,machine_id, slot_no, product_id, spiral_size) VALUES (4,true,1,13,3,10);
INSERT INTO slot_config (id,is_active,machine_id, slot_no, product_id, spiral_size) VALUES (5,false,1,14,1,1);
INSERT INTO slot_config (id,is_active,machine_id, slot_no, product_id, spiral_size) VALUES (6,true,1,15,4,10);
INSERT INTO slot_config (id,is_active,machine_id, slot_no, product_id, spiral_size) VALUES (7,false,1,16,1,1);
INSERT INTO slot_config (id,is_active,machine_id, slot_no, product_id, spiral_size) VALUES (8,true,1,17,5,10);
INSERT INTO slot_config (id,is_active,machine_id, slot_no, product_id, spiral_size) VALUES (9,true,1,20,6,15);
INSERT INTO slot_config (id,is_active,machine_id, slot_no, product_id, spiral_size) VALUES (10,true,1,21,7,15);
INSERT INTO slot_config (id,is_active,machine_id, slot_no, product_id, spiral_size) VALUES (11,true,1,22,8,15);
INSERT INTO slot_config (id,is_active,machine_id, slot_no, product_id, spiral_size) VALUES (12,true,1,23,9,15);
INSERT INTO slot_config (id,is_active,machine_id, slot_no, product_id, spiral_size) VALUES (13,true,1,24,10,15);
INSERT INTO slot_config (id,is_active,machine_id, slot_no, product_id, spiral_size) VALUES (14,true,1,25,11,5);
INSERT INTO slot_config (id,is_active,machine_id, slot_no, product_id, spiral_size) VALUES (15,true,1,26,12,5);
INSERT INTO slot_config (id,is_active,machine_id, slot_no, product_id, spiral_size) VALUES (16,true,1,27,13,8);
INSERT INTO slot_config (id,is_active,machine_id, slot_no, product_id, spiral_size) VALUES (17,true,1,30,14,5);
INSERT INTO slot_config (id,is_active,machine_id, slot_no, product_id, spiral_size) VALUES (18,true,1,31,15,5);
INSERT INTO slot_config (id,is_active,machine_id, slot_no, product_id, spiral_size) VALUES (19,true,1,32,16,5);
INSERT INTO slot_config (id,is_active,machine_id, slot_no, product_id, spiral_size) VALUES (20,true,1,33,17,5);
INSERT INTO slot_config (id,is_active,machine_id, slot_no, product_id, spiral_size) VALUES (21,true,1,34,18,5);
INSERT INTO slot_config (id,is_active,machine_id, slot_no, product_id, spiral_size) VALUES (22,true,1,35,19,5);
INSERT INTO slot_config (id,is_active,machine_id, slot_no, product_id, spiral_size) VALUES (23,true,1,36,20,8);
INSERT INTO slot_config (id,is_active,machine_id, slot_no, product_id, spiral_size) VALUES (24,true,1,37,21,8);
INSERT INTO slot_config (id,is_active,machine_id, slot_no, product_id, spiral_size) VALUES (25,true,1,40,22,5);
INSERT INTO slot_config (id,is_active,machine_id, slot_no, product_id, spiral_size) VALUES (26,true,1,41,23,5);
INSERT INTO slot_config (id,is_active,machine_id, slot_no, product_id, spiral_size) VALUES (27,true,1,42,24,5);
INSERT INTO slot_config (id,is_active,machine_id, slot_no, product_id, spiral_size) VALUES (28,true,1,43,25,5);
INSERT INTO slot_config (id,is_active,machine_id, slot_no, product_id, spiral_size) VALUES (29,true,1,44,26,5);
INSERT INTO slot_config (id,is_active,machine_id, slot_no, product_id, spiral_size) VALUES (30,true,1,45,27,5);
INSERT INTO slot_config (id,is_active,machine_id, slot_no, product_id, spiral_size) VALUES (31,true,1,46,28,5);
INSERT INTO slot_config (id,is_active,machine_id, slot_no, product_id, spiral_size) VALUES (32,true,1,47,29,8);
INSERT INTO slot_config (id,is_active,machine_id, slot_no, product_id, spiral_size) VALUES (33,true,1,50,30,8);
INSERT INTO slot_config (id,is_active,machine_id, slot_no, product_id, spiral_size) VALUES (34,true,1,51,31,8);
INSERT INTO slot_config (id,is_active,machine_id, slot_no, product_id, spiral_size) VALUES (35,true,1,52,32,8);
INSERT INTO slot_config (id,is_active,machine_id, slot_no, product_id, spiral_size) VALUES (36,true,1,53,33,8);
INSERT INTO slot_config (id,is_active,machine_id, slot_no, product_id, spiral_size) VALUES (37,true,1,54,34,8);
INSERT INTO slot_config (id,is_active,machine_id, slot_no, product_id, spiral_size) VALUES (38,true,1,55,35,8);
INSERT INTO slot_config (id,is_active,machine_id, slot_no, product_id, spiral_size) VALUES (39,true,1,56,36,8);
INSERT INTO slot_config (id,is_active,machine_id, slot_no, product_id, spiral_size) VALUES (40,true,1,57,37,8);
INSERT INTO slot_config (id,is_active,machine_id, slot_no, product_id, spiral_size) VALUES (41,true,1,60,38,8);
INSERT INTO slot_config (id,is_active,machine_id, slot_no, product_id, spiral_size) VALUES (42,true,1,61,39,8);
INSERT INTO slot_config (id,is_active,machine_id, slot_no, product_id, spiral_size) VALUES (43,true,1,62,40,8);
INSERT INTO slot_config (id,is_active,machine_id, slot_no, product_id, spiral_size) VALUES (44,true,1,63,41,8);
INSERT INTO slot_config (id,is_active,machine_id, slot_no, product_id, spiral_size) VALUES (45,true,1,64,42,8);
INSERT INTO slot_config (id,is_active,machine_id, slot_no, product_id, spiral_size) VALUES (46,true,1,65,42,8);
INSERT INTO slot_config (id,is_active,machine_id, slot_no, product_id, spiral_size) VALUES (47,true,1,66,43,8);
INSERT INTO slot_config (id,is_active,machine_id, slot_no, product_id, spiral_size) VALUES (48,true,1,67,43,8);
INSERT INTO slot_config (id,is_active,machine_id, slot_no, product_id, spiral_size) VALUES (49,true,2,1,43,1);
INSERT INTO slot_config (id,is_active,machine_id, slot_no, product_id, spiral_size) VALUES (50,true,2,2,44,1);
INSERT INTO slot_config (id,is_active,machine_id, slot_no, product_id, spiral_size) VALUES (51,true,2,3,45,1);
INSERT INTO slot_config (id,is_active,machine_id, slot_no, product_id, spiral_size) VALUES (52,true,2,4,46,1);
INSERT INTO slot_config (id,is_active,machine_id, slot_no, product_id, spiral_size) VALUES (53,true,2,5,47,1);
INSERT INTO slot_config (id,is_active,machine_id, slot_no, product_id, spiral_size) VALUES (54,true,2,6,48,1);
INSERT INTO slot_config (id,is_active,machine_id, slot_no, product_id, spiral_size) VALUES (55,true,2,7,49,1);
INSERT INTO slot_config (id,is_active,machine_id, slot_no, product_id, spiral_size) VALUES (56,true,2,8,50,1);
INSERT INTO slot_config (id,is_active,machine_id, slot_no, product_id, spiral_size) VALUES (57,true,2,9,51,1);
INSERT INTO slot_config (id,is_active,machine_id, slot_no, product_id, spiral_size) VALUES (58,true,2,10,52,1);
INSERT INTO slot_config (id,is_active,machine_id, slot_no, product_id, spiral_size) VALUES (59,true,2,11,53,1);
INSERT INTO slot_config (id,is_active,machine_id, slot_no, product_id, spiral_size) VALUES (60,true,2,12,54,1);


